{
    "name": "root",
    "metadata": {
        "timer_format_version": "0.1.0",
        "start_time_seconds": "1620099536",
        "python_version": "3.8.5 (default, Jul 21 2020, 10:48:26) \n[Clang 11.0.3 (clang-1103.0.32.62)]",
        "command_line_arguments": "/usr/local/bin/mlagents-learn config/skifree_config.yaml --run-id=newid7",
        "mlagents_version": "0.20.0",
        "mlagents_envs_version": "0.20.0",
        "communication_protocol_version": "1.1.0",
        "tensorflow_version": "2.3.2",
        "numpy_version": "1.18.5",
        "end_time_seconds": "1620099547"
    },
    "total": 11.081842735,
    "count": 1,
    "self": 0.004890267000000392,
    "children": {
        "run_training.setup": {
            "total": 0.012415868000000163,
            "count": 1,
            "self": 0.012415868000000163
        },
        "TrainerController.start_learning": {
            "total": 11.0645366,
            "count": 1,
            "self": 0.0030753929999907115,
            "children": {
                "TrainerController._reset_env": {
                    "total": 6.483211851,
                    "count": 1,
                    "self": 6.483211851
                },
                "TrainerController.advance": {
                    "total": 4.33449357100001,
                    "count": 127,
                    "self": 0.0013020210000114218,
                    "children": {
                        "env_step": {
                            "total": 4.333191549999999,
                            "count": 127,
                            "self": 4.116324789000011,
                            "children": {
                                "SubprocessEnvManager._take_step": {
                                    "total": 0.21546561299999567,
                                    "count": 127,
                                    "self": 0.0019360089999960195,
                                    "children": {
                                        "TFPolicy.evaluate": {
                                            "total": 0.21352960399999965,
                                            "count": 52,
                                            "self": 0.21352960399999965
                                        }
                                    }
                                },
                                "workers": {
                                    "total": 0.0014011479999922472,
                                    "count": 126,
                                    "self": 0.0,
                                    "children": {
                                        "worker_root": {
                                            "total": 5.001088278999987,
                                            "count": 126,
                                            "is_parallel": true,
                                            "self": 1.0336841359999944,
                                            "children": {
                                                "steps_from_proto": {
                                                    "total": 0.0005519160000000412,
                                                    "count": 1,
                                                    "is_parallel": true,
                                                    "self": 0.00020332199999906209,
                                                    "children": {
                                                        "_process_vector_observation": {
                                                            "total": 0.00034859400000097907,
                                                            "count": 4,
                                                            "is_parallel": true,
                                                            "self": 0.00034859400000097907
                                                        }
                                                    }
                                                },
                                                "UnityEnvironment.step": {
                                                    "total": 3.9668522269999924,
                                                    "count": 126,
                                                    "is_parallel": true,
                                                    "self": 0.013814639999959688,
                                                    "children": {
                                                        "UnityEnvironment._generate_step_input": {
                                                            "total": 0.00778980600000434,
                                                            "count": 126,
                                                            "is_parallel": true,
                                                            "self": 0.00778980600000434
                                                        },
                                                        "communicator.exchange": {
                                                            "total": 3.9057186070000194,
                                                            "count": 126,
                                                            "is_parallel": true,
                                                            "self": 3.9057186070000194
                                                        },
                                                        "steps_from_proto": {
                                                            "total": 0.03952917400000899,
                                                            "count": 126,
                                                            "is_parallel": true,
                                                            "self": 0.013944278999995063,
                                                            "children": {
                                                                "_process_vector_observation": {
                                                                    "total": 0.02558489500001393,
                                                                    "count": 504,
                                                                    "is_parallel": true,
                                                                    "self": 0.02558489500001393
                                                                }
                                                            }
                                                        }
                                                    }
                                                }
                                            }
                                        }
                                    }
                                }
                            }
                        }
                    }
                },
                "trainer_threads": {
                    "total": 1.725199999924598e-05,
                    "count": 1,
                    "self": 1.725199999924598e-05,
                    "children": {
                        "thread_root": {
                            "total": 0.0,
                            "count": 0,
                            "is_parallel": true,
                            "self": 0.0,
                            "children": {
                                "trainer_advance": {
                                    "total": 4.213031837999896,
                                    "count": 23423,
                                    "is_parallel": true,
                                    "self": 0.20838849799995884,
                                    "children": {
                                        "process_trajectory": {
                                            "total": 3.526559830999938,
                                            "count": 23423,
                                            "is_parallel": true,