{
    "name": "root",
    "gauges": {
        "SkiFreeAgent.Policy.Entropy.mean": {
            "value": 0.5609533190727234,
            "min": 0.5609533190727234,
            "max": 1.759045958518982,
            "count": 15
        },
        "SkiFreeAgent.Environment.EpisodeLength.mean": {
            "value": 3.6555246053853296,
            "min": 3.6555246053853296,
            "max": 6.445603576751118,
            "count": 15
        },
        "SkiFreeAgent.Policy.ExtrinsicValueEstimate.mean": {
            "value": 0.026448650285601616,
            "min": 0.003975166939198971,
            "max": 0.04874717444181442,
            "count": 15
        },
        "SkiFreeAgent.Environment.CumulativeReward.mean": {
            "value": 0.028796598455101657,
            "min": 0.0024737163733031292,
            "max": 0.07319443848458594,
            "count": 15
        },
        "SkiFreeAgent.Policy.ExtrinsicReward.mean": {
            "value": 0.028796598455101657,
            "min": 0.0024737163733031292,
            "max": 0.07319443848458594,
            "count": 15
        },
        "SkiFreeAgent.Losses.ValueLoss.mean": {
            "value": 0.04889901727437973,
            "min": 0.010435839183628559,
            "max": 0.47536012530326843,
            "count": 15
        },
        "SkiFreeAgent.Losses.PolicyLoss.mean": {
            "value": 0.24534697830677032,
            "min": 0.2335362434387207,
            "max": 0.24689942598342896,
            "count": 15
        },
        "SkiFreeAgent.Policy.LearningRate.mean": {
            "value": 8.25630922918208e-05,
            "min": 8.25630922918208e-05,
            "max": 0.0002924499858636409,
            "count": 15
        },
        "SkiFreeAgent.Policy.Epsilon.mean": {
            "value": 0.12752102315425873,
            "min": 0.12752102315425873,
            "max": 0.19748331606388092,
            "count": 15
        },
        "SkiFreeAgent.Policy.Beta.mean": {
            "value": 0.00014485290739685297,
            "min": 0.00014485290739685297,
            "max": 0.0004876683233305812,
            "count": 15
        },
        "SkiFreeAgent.IsTraining.mean": {
            "value": 1.0,
            "min": 1.0,
            "max": 1.0,
            "count": 15
        }
    },
    "metadata": {
        "timer_format_version": "0.1.0",
        "start_time_seconds": "1620100276",
        "python_version": "3.8.5 (default, Jul 21 2020, 10:48:26) \n[Clang 11.0.3 (clang-1103.0.32.62)]",
        "command_line_arguments": "/usr/local/bin/mlagents-learn config/skifree_config.yaml --run-id=newid12",
        "mlagents_version": "0.20.0",
        "mlagents_envs_version": "0.20.0",
        "communication_protocol_version": "1.1.0",
        "tensorflow_version": "2.3.2",
        "numpy_version": "1.18.5",
        "end_time_seconds": "1620104138"
    },
    "total": 3862.342325618,
    "count": 1,
    "self": 0.005528244999368326,
    "children": {
        "run_training.setup": {
            "total": 0.015691931000000103,
            "count": 1,
            "self": 0.015691931000000103
        },
        "TrainerController.start_learning": {
            "total": 3862.3211054420003,
            "count": 1,
            "self": 0.318163921971518,
            "children": {
                "TrainerController._reset_env": {
                    "total": 12.250598835,
                    "count": 1,
                    "self": 12.250598835
                },
                "TrainerController.advance": {
                    "total": 3849.534880737029,
                    "count": 15619,
                    "self": 0.15427337304299726,
                    "children": {
                        "env_step": {
                            "total": 3849.380607363986,
                            "count": 15619,
                            "self": 3845.3889436629593,
                            "children": {
                                "SubprocessEnvManager._take_step": {
                                    "total": 3.8176601610033547,
                                    "count": 15619,
                                    "self": 0.198591438018747,
                                    "children": {
                                        "TFPolicy.evaluate": {
                                            "total": 3.6190687229846077,
                                            "count": 5554,
                                            "self": 3.6190687229846077
                                        }
                                    }
                                },
                                "workers": {
                                    "total": 0.17400354002340102,
                                    "count": 15618,
                                    "self": 0.0,
                                    "children": {
                                        "worker_root": {
                                            "total": 3849.9877016490145,
                                            "count": 15618,
                                            "is_parallel": true,
                                            "self": 15.55471671500436,
                                            "children": {
                                                "steps_from_proto": {
                                                    "total": 0.0005833319999997144,
                                                    "count": 1,
                                                    "is_parallel": true,
                                                    "self": 0.00021537099999768827,
                                                    "children": {
                                                        "_process_vector_observation": {
                                                            "total": 0.00036796100000202614,
                                                            "count": 4,
                                                            "is_parallel": true,
                                                            "self": 0.00036796100000202614
                                                        }
                                                    }
                                                },
                                                "UnityEnvironment.step": {
                                                    "total": 3834.43240160201,
                                                    "count": 15618,
                                                    "is_parallel": true,
                                                    "self": 1.577634171988393,
                                                    "children": {
                                                        "UnityEnvironment._generate_step_input": {
                                                            "total": 0.7973992800267595,
                                                            "count": 15618,
                                                            "is_parallel": true,
                                                            "self": 0.7973992800267595
                                                        },
                                                        "communicator.exchange": {
                                                            "total": 3827.545300056005,
                                                            "count": 15618,
                                                            "is_parallel": true,
                                                            "self": 3827.545300056005
                                                        },
                                                        "steps_from_proto": {
                                                            "total": 4.512068093990093,
                                                            "count": 15618,