{
    "name": "root",
    "gauges": {
        "SkiFreeAgent.Policy.Entropy.mean": {
            "value": 0.2485942840576172,
            "min": 0.2255937159061432,
            "max": 2.0277364253997803,
            "count": 40
        },
        "SkiFreeAgent.Environment.EpisodeLength.mean": {
            "value": 5.195638629283489,
            "min": 5.195638629283489,
            "max": 9.246951219512194,
            "count": 40
        },
        "SkiFreeAgent.Policy.ExtrinsicValueEstimate.mean": {
            "value": 0.8804195523262024,
            "min": 0.068259097635746,
            "max": 0.8956385850906372,
            "count": 40
        },
        "SkiFreeAgent.Environment.CumulativeReward.mean": {
            "value": 0.8709476309226932,
            "min": 0.09536082474226804,
            "max": 0.8743386243386243,
            "count": 40
        },
        "SkiFreeAgent.Policy.ExtrinsicReward.mean": {
            "value": 0.8709476309226932,
            "min": 0.09536082474226804,
            "max": 0.8743386243386243,
            "count": 40
        },
        "SkiFreeAgent.Losses.ValueLoss.mean": {
            "value": 0.039196696132421494,
            "min": 0.0360245555639267,
            "max": 0.17425350844860077,
            "count": 40
        },
        "SkiFreeAgent.Losses.PolicyLoss.mean": {
            "value": 0.23440448939800262,
            "min": 0.23440448939800262,
            "max": 0.2508503198623657,
            "count": 40
        },
        "SkiFreeAgent.Policy.LearningRate.mean": {
            "value": 3.7878685361647513e-06,
            "min": 3.7878685361647513e-06,
            "max": 0.0002962095895782113,
            "count": 40
        },
        "SkiFreeAgent.Policy.Epsilon.mean": {
            "value": 0.10126259922981262,
            "min": 0.10126259922981262,
            "max": 0.1987365484237671,
            "count": 40
        },
        "SkiFreeAgent.Policy.Beta.mean": {
            "value": 1.618669011804741e-05,
            "min": 1.618669011804741e-05,
            "max": 0.0004938089987263083,
            "count": 40
        },
        "SkiFreeAgent.IsTraining.mean": {
            "value": 1.0,
            "min": 1.0,
            "max": 1.0,
            "count": 40
        }
    },
    "metadata": {
        "timer_format_version": "0.1.0",
        "start_time_seconds": "1621382990",
        "python_version": "3.8.5 (default, Jul 21 2020, 10:48:26) \n[Clang 11.0.3 (clang-1103.0.32.62)]",
        "command_line_arguments": "/usr/local/bin/mlagents-learn config/skifree_config.yaml --run-id=agent400000",
        "mlagents_version": "0.20.0",
        "mlagents_envs_version": "0.20.0",
        "communication_protocol_version": "1.1.0",
        "tensorflow_version": "2.3.2",
        "numpy_version": "1.18.5",
        "end_time_seconds": "1621383338"
    },
    "total": 347.253316728,
    "count": 1,
    "self": 0.30233708800005843,
    "children": {
        "run_training.setup": {
            "total": 0.021005253999999862,
            "count": 1,
            "self": 0.021005253999999862
        },
        "TrainerController.start_learning": {
            "total": 346.92997438599997,
            "count": 1,
            "self": 0.5889979219974748,
            "children": {
                "TrainerController._reset_env": {
                    "total": 8.062225664,
                    "count": 1,
                    "self": 8.062225664
                },
                "TrainerController.advance": {
                    "total": 338.0516792110025,
                    "count": 25277,
                    "self": 0.2933214379989977,
                    "children": {
                        "env_step": {
                            "total": 337.7583577730035,
                            "count": 25277,
                            "self": 334.03076453000557,
                            "children": {
                                "SubprocessEnvManager._take_step": {
                                    "total": 3.4214128119981364,
                                    "count": 25277,
                                    "self": 0.41138687599819335,
                                    "children": {
                                        "TFPolicy.evaluate": {
                                            "total": 3.010025935999943,
                                            "count": 2967,
                                            "self": 3.010025935999943
                                        }
                                    }
                                },
                                "workers": {
                                    "total": 0.3061804309998415,
                                    "count": 25277,
                                    "self": 0.0,
                                    "children": {
                                        "worker_root": {
                                            "total": 338.66054851499763,
                                            "count": 25277,
                                            "is_parallel": true,
                                            "self": 37.77972508399807,
                                            "children": {
                                                "steps_from_proto": {
                                                    "total": 0.0016291420000005274,
                                                    "count": 1,
                                                    "is_parallel": true,
                                                    "self": 0.0004020210000001967,
                                                    "children": {
                                                        "_process_vector_observation": {
                                                            "total": 0.0012271210000003308,
                                                            "count": 2,
                                                            "is_parallel": true,
                                                            "self": 0.0012271210000003308
                                                        }
                                                    }
                                                },
                                                "UnityEnvironment.step": {
                                                    "total": 300.87919428899954,
                                                    "count": 25277,
                                                    "is_parallel": true,
                                                    "self": 3.7243210739948154,
                                                    "children": {
                                                        "UnityEnvironment._generate_step_input": {
                                                            "total": 2.7954775119998754,
                                                            "count": 25277,
                                                            "is_parallel": true,
                                                            "self": 2.7954775119998754
                                                        },
                                                        "communicator.exchange": {
                                                            "total": 285.59425316800133,
                                                            "count": 25277,
                                                            "is_parallel": true,
                                                            "self": 285.59425316800133
                                                        },
                                                        "steps_from_proto": {
                                                            "total": 8.765142535003518,
                                                            "count": 25277,
                                                            "is_parallel": true,