{
    "name": "root",
    "gauges": {
        "SkiFreeAgent.Policy.Entropy.mean": {
            "value": 1.6011420488357544,
            "min": 1.6011420488357544,
            "max": 1.6011420488357544,
            "count": 1
        },
        "SkiFreeAgent.Environment.EpisodeLength.mean": {
            "value": 5.43573264781491,
            "min": 5.43573264781491,
            "max": 5.43573264781491,
            "count": 1
        },
        "SkiFreeAgent.Policy.ExtrinsicValueEstimate.mean": {
            "value": 0.06055465340614319,
            "min": 0.06055465340614319,
            "max": 0.06055465340614319,
            "count": 1
        },
        "SkiFreeAgent.Environment.CumulativeReward.mean": {
            "value": 0.07174083528174931,
            "min": 0.07174083528174931,
            "max": 0.07174083528174931,
            "count": 1
        },
        "SkiFreeAgent.Policy.ExtrinsicReward.mean": {
            "value": 0.07174083528174931,
            "min": 0.07174083528174931,
            "max": 0.07174083528174931,
            "count": 1
        },
        "SkiFreeAgent.Losses.ValueLoss.mean": {
            "value": 0.41371750831604004,
            "min": 0.41371750831604004,
            "max": 0.41371750831604004,
            "count": 1
        },
        "SkiFreeAgent.Losses.PolicyLoss.mean": {
            "value": 0.23915773630142212,
            "min": 0.23915773630142212,
            "max": 0.23915773630142212,
            "count": 1
        },
        "SkiFreeAgent.Policy.LearningRate.mean": {
            "value": 0.00029241875745356083,
            "min": 0.00029241875745356083,
            "max": 0.00029241875745356083,
            "count": 1
        },
        "SkiFreeAgent.Policy.Epsilon.mean": {
            "value": 0.19747290015220642,
            "min": 0.19747290015220642,
            "max": 0.19747290015220642,
            "count": 1
        },
        "SkiFreeAgent.Policy.Beta.mean": {
            "value": 0.00048761730431579053,
            "min": 0.00048761730431579053,
            "max": 0.00048761730431579053,
            "count": 1
        },
        "SkiFreeAgent.IsTraining.mean": {
            "value": 1.0,
            "min": 1.0,
            "max": 1.0,
            "count": 1
        }
    },
    "metadata": {
        "timer_format_version": "0.1.0",
        "start_time_seconds": "1620100135",
        "python_version": "3.8.5 (default, Jul 21 2020, 10:48:26) \n[Clang 11.0.3 (clang-1103.0.32.62)]",
        "command_line_arguments": "/usr/local/bin/mlagents-learn config/skifree_config.yaml --run-id=newid11",
        "mlagents_version": "0.20.0",
        "mlagents_envs_version": "0.20.0",
        "communication_protocol_version": "1.1.0",
        "tensorflow_version": "2.3.2",
        "numpy_version": "1.18.5",
        "end_time_seconds": "1620100225"
    },
    "total": 89.888887878,
    "count": 1,
    "self": 0.0046679840000081185,
    "children": {
        "run_training.setup": {
            "total": 0.01375839000000001,
            "count": 1,
            "self": 0.01375839000000001
        },
        "TrainerController.start_learning": {
            "total": 89.87046150399999,
            "count": 1,
            "self": 0.03465656299984232,
            "children": {
                "TrainerController._reset_env": {
                    "total": 8.986855033000001,
                    "count": 1,
                    "self": 8.986855033000001
                },
                "TrainerController.advance": {
                    "total": 80.56791701900016,
                    "count": 1536,
                    "self": 0.015966282000178467,
                    "children": {
                        "env_step": {
                            "total": 80.55195073699998,
                            "count": 1536,
                            "self": 79.92330919399991,
                            "children": {
                                "SubprocessEnvManager._take_step": {
                                    "total": 0.6101002670000817,
                                    "count": 1536,
                                    "self": 0.021648561000047195,
                                    "children": {
                                        "TFPolicy.evaluate": {
                                            "total": 0.5884517060000345,
                                            "count": 559,
                                            "self": 0.5884517060000345
                                        }
                                    }
                                },
                                "workers": {
                                    "total": 0.01854127599999167,
                                    "count": 1535,
                                    "self": 0.0,
                                    "children": {
                                        "worker_root": {
                                            "total": 81.1541951800002,
                                            "count": 1535,
                                            "is_parallel": true,
                                            "self": 2.595606861000178,
                                            "children": {
                                                "steps_from_proto": {
                                                    "total": 0.0005636720000001816,
                                                    "count": 1,
                                                    "is_parallel": true,
                                                    "self": 0.00020824200000113535,
                                                    "children": {
                                                        "_process_vector_observation": {
                                                            "total": 0.00035542999999904623,
                                                            "count": 4,
                                                            "is_parallel": true,
                                                            "self": 0.00035542999999904623
                                                        }
                                                    }
                                                },
                                                "UnityEnvironment.step": {
                                                    "total": 78.55802464700002,
                                                    "count": 1535,
                                                    "is_parallel": true,
                                                    "self": 0.17617924200000346,
                                                    "children": {
                                                        "UnityEnvironment._generate_step_input": {
                                                            "total": 0.09326150399990318,
                                                            "count": 1535,
                                                            "is_parallel": true,
                                                            "self": 0.09326150399990318
                                                        },
                                                        "communicator.exchange": {
                                                            "total": 77.78276991099992,
                                                            "count": 1535,
                                                            "is_parallel": true,
                                                            "self": 77.78276991099992
                                                        },
                                                        "steps_from_proto": {
                                                            "total": 0.5058139900002061,
                                                            "count": 1535,
                                                            "is_parallel": true,