{
    "name": "root",
    "gauges": {
        "SkiFreeAgent.Policy.Entropy.mean": {
            "value": 0.6976416110992432,
            "min": 0.6976416110992432,
            "max": 2.046299934387207,
            "count": 20
        },
        "SkiFreeAgent.Environment.EpisodeLength.mean": {
            "value": 5.616621983914209,
            "min": 5.616621983914209,
            "max": 7.8953900709219855,
            "count": 20
        },
        "SkiFreeAgent.Policy.ExtrinsicValueEstimate.mean": {
            "value": 0.7237111330032349,
            "min": -0.080734483897686,
            "max": 0.7237111330032349,
            "count": 20
        },
        "SkiFreeAgent.Environment.CumulativeReward.mean": {
            "value": 0.66005291005291,
            "min": 0.08112874779541446,
            "max": 0.66005291005291,
            "count": 20
        },
        "SkiFreeAgent.Policy.ExtrinsicReward.mean": {
            "value": 0.66005291005291,
            "min": 0.08112874779541446,
            "max": 0.66005291005291,
            "count": 20
        },
        "SkiFreeAgent.Losses.ValueLoss.mean": {
            "value": 0.1354282647371292,
            "min": 0.1223224475979805,
            "max": 0.3516022264957428,
            "count": 20
        },
        "SkiFreeAgent.Losses.PolicyLoss.mean": {
            "value": 0.23820260167121887,
            "min": 0.2338678240776062,
            "max": 0.25382736325263977,
            "count": 20
        },
        "SkiFreeAgent.Policy.LearningRate.mean": {
            "value": 7.441176421707496e-06,
            "min": 7.441176421707496e-06,
            "max": 0.0002925019944086671,
            "count": 20
        },
        "SkiFreeAgent.Policy.Epsilon.mean": {
            "value": 0.10248035192489624,
            "min": 0.10248035192489624,
            "max": 0.19750064611434937,
            "count": 20
        },
        "SkiFreeAgent.Policy.Beta.mean": {
            "value": 2.2153762984089553e-05,
            "min": 2.2153762984089553e-05,
            "max": 0.0004877532192040235,
            "count": 20
        },
        "SkiFreeAgent.IsTraining.mean": {
            "value": 1.0,
            "min": 1.0,
            "max": 1.0,
            "count": 20
        }
    },
    "metadata": {
        "timer_format_version": "0.1.0",
        "start_time_seconds": "1621228024",
        "python_version": "3.8.5 (default, Jul 21 2020, 10:48:26) \n[Clang 11.0.3 (clang-1103.0.32.62)]",
        "command_line_arguments": "/usr/local/bin/mlagents-learn config/skifree_config.yaml --run-id=agent100000 --time-scale 40",
        "mlagents_version": "0.20.0",
        "mlagents_envs_version": "0.20.0",
        "communication_protocol_version": "1.1.0",
        "tensorflow_version": "2.3.2",
        "numpy_version": "1.18.5",
        "end_time_seconds": "1621228106"
    },
    "total": 82.04641819800001,
    "count": 1,
    "self": 0.2096815770000262,
    "children": {
        "run_training.setup": {
            "total": 0.012633555999999935,
            "count": 1,
            "self": 0.012633555999999935
        },
        "TrainerController.start_learning": {
            "total": 81.82410306499999,
            "count": 1,
            "self": 0.14976596299943878,
            "children": {
                "TrainerController._reset_env": {
                    "total": 7.647812931,
                    "count": 1,
                    "self": 7.647812931
                },
                "TrainerController.advance": {
                    "total": 73.81200333600054,
                    "count": 6325,
                    "self": 0.07062599900011435,
                    "children": {
                        "env_step": {
                            "total": 73.74137733700043,
                            "count": 6325,
                            "self": 72.74438049700056,
                            "children": {
                                "SubprocessEnvManager._take_step": {
                                    "total": 0.9197680950001494,
                                    "count": 6325,
                                    "self": 0.10344594200019408,
                                    "children": {
                                        "TFPolicy.evaluate": {
                                            "total": 0.8163221529999554,
                                            "count": 745,
                                            "self": 0.8163221529999554
                                        }
                                    }
                                },
                                "workers": {
                                    "total": 0.07722874499971688,
                                    "count": 6325,
                                    "self": 0.0,
                                    "children": {
                                        "worker_root": {
                                            "total": 74.4765120710006,
                                            "count": 6325,
                                            "is_parallel": true,
                                            "self": 10.658423857000585,
                                            "children": {
                                                "steps_from_proto": {
                                                    "total": 0.001653540999999592,
                                                    "count": 1,
                                                    "is_parallel": true,
                                                    "self": 0.0003945029999989913,
                                                    "children": {
                                                        "_process_vector_observation": {
                                                            "total": 0.0012590380000006007,
                                                            "count": 2,
                                                            "is_parallel": true,
                                                            "self": 0.0012590380000006007
                                                        }
                                                    }
                                                },
                                                "UnityEnvironment.step": {
                                                    "total": 63.81643467300002,
                                                    "count": 6325,
                                                    "is_parallel": true,
                                                    "self": 0.8989594699988643,
                                                    "children": {
                                                        "UnityEnvironment._generate_step_input": {
                                                            "total": 0.6866053640007914,
                                                            "count": 6325,
                                                            "is_parallel": true,
                                                            "self": 0.6866053640007914
                                                        },
                                                        "communicator.exchange": {
                                                            "total": 60.022591737999996,
                                                            "count": 6325,
                                                            "is_parallel": true,
                                                            "self": 60.022591737999996
                                                        },
                                                        "steps_from_proto": {
                                                            "total": 2.2082781010003645,
                                                            "count": 6325,
                                                            "is_parallel": true,