{
    "name": "root",
    "metadata": {
        "timer_format_version": "0.1.0",
        "start_time_seconds": "1620025755",
        "python_version": "3.8.5 (default, Jul 21 2020, 10:48:26) \n[Clang 11.0.3 (clang-1103.0.32.62)]",
        "command_line_arguments": "/usr/local/bin/mlagents-learn config/skifree_config.yaml --run-id=skifree7",
        "mlagents_version": "0.20.0",
        "mlagents_envs_version": "0.20.0",
        "communication_protocol_version": "1.1.0",
        "tensorflow_version": "2.3.2",
        "numpy_version": "1.18.5",
        "end_time_seconds": "1620025767"
    },
    "total": 12.870759269999999,
    "count": 1,
    "self": 0.004532468999997263,
    "children": {
        "run_training.setup": {
            "total": 0.01275289699999993,
            "count": 1,
            "self": 0.01275289699999993
        },
        "TrainerController.start_learning": {
            "total": 12.853473904000001,
            "count": 1,
            "self": 0.004845453999990923,
            "children": {
                "TrainerController._reset_env": {
                    "total": 6.644455620999999,
                    "count": 1,
                    "self": 6.644455620999999
                },
                "TrainerController.advance": {
                    "total": 5.96095447800001,
                    "count": 227,
                    "self": 0.0021413110000256808,
                    "children": {
                        "env_step": {
                            "total": 5.958813166999985,
                            "count": 227,
                            "self": 5.6663133069999585,
                            "children": {
                                "SubprocessEnvManager._take_step": {
                                    "total": 0.2902283860000079,
                                    "count": 227,
                                    "self": 0.0037151250000153624,
                                    "children": {
                                        "TFPolicy.evaluate": {
                                            "total": 0.2865132609999925,
                                            "count": 211,
                                            "self": 0.2865132609999925
                                        }
                                    }
                                },
                                "workers": {
                                    "total": 0.0022714740000182587,
                                    "count": 226,
                                    "self": 0.0,
                                    "children": {
                                        "worker_root": {
                                            "total": 6.5901275439999925,
                                            "count": 226,
                                            "is_parallel": true,
                                            "self": 1.1282359109999751,
                                            "children": {
                                                "steps_from_proto": {
                                                    "total": 0.000381144000000333,
                                                    "count": 1,
                                                    "is_parallel": true,
                                                    "self": 0.0001925249999992218,
                                                    "children": {
                                                        "_process_vector_observation": {
                                                            "total": 0.0001886190000011112,
                                                            "count": 4,
                                                            "is_parallel": true,
                                                            "self": 0.0001886190000011112
                                                        }
                                                    }
                                                },
                                                "UnityEnvironment.step": {
                                                    "total": 5.461510489000017,
                                                    "count": 226,
                                                    "is_parallel": true,
                                                    "self": 0.015386565000027552,
                                                    "children": {
                                                        "UnityEnvironment._generate_step_input": {
                                                            "total": 0.008684311999989092,
                                                            "count": 226,
                                                            "is_parallel": true,
                                                            "self": 0.008684311999989092
                                                        },
                                                        "communicator.exchange": {
                                                            "total": 5.383941722999987,
                                                            "count": 226,
                                                            "is_parallel": true,
                                                            "self": 5.383941722999987
                                                        },
                                                        "steps_from_proto": {
                                                            "total": 0.05349788900001329,
                                                            "count": 226,
                                                            "is_parallel": true,
                                                            "self": 0.026645365000047327,
                                                            "children": {
                                                                "_process_vector_observation": {
                                                                    "total": 0.02685252399996596,
                                                                    "count": 904,
                                                                    "is_parallel": true,
                                                                    "self": 0.02685252399996596
                                                                }
                                                            }
                                                        }
                                                    }
                                                }
                                            }
                                        }
                                    }
                                }
                            }
                        }
                    }
                },
                "trainer_threads": {
                    "total": 2.125000000141597e-05,
                    "count": 1,
                    "self": 2.125000000141597e-05,
                    "children": {
                        "thread_root": {
                            "total": 0.0,
                            "count": 0,
                            "is_parallel": true,
                            "self": 0.0,
                            "children": {
                                "trainer_advance": {
                                    "total": 5.790193578999766,
                                    "count": 35817,
                                    "is_parallel": true,
                                    "self": 0.3109844859997395,
                                    "children": {
                                        "process_trajectory": {
                                            "total": 5.209426838000027,
                                            "count": 35817,
                                            "is_parallel": true,