{
    "name": "root",
    "gauges": {
        "SkiFreeAgent.Policy.Entropy.mean": {
            "value": 0.4229050874710083,
            "min": 0.4229050874710083,
            "max": 1.5380747318267822,
            "count": 3
        },
        "SkiFreeAgent.Environment.EpisodeLength.mean": {
            "value": 2.13149655604258,
            "min": 2.13149655604258,
            "max": 2.4959804264243273,
            "count": 3
        },
        "SkiFreeAgent.Policy.ExtrinsicValueEstimate.mean": {
            "value": 0.032366957515478134,
            "min": 0.031318821012973785,
            "max": 0.032366957515478134,
            "count": 3
        },
        "SkiFreeAgent.Environment.CumulativeReward.mean": {
            "value": 0.027551659361302442,
            "min": 0.024825174825174826,
            "max": 0.027551659361302442,
            "count": 3
        },
        "SkiFreeAgent.Policy.ExtrinsicReward.mean": {
            "value": 0.027551659361302442,
            "min": 0.024825174825174826,
            "max": 0.027551659361302442,
            "count": 3
        },
        "SkiFreeAgent.Losses.ValueLoss.mean": {
            "value": 0.04505973681807518,
            "min": 0.04505973681807518,
            "max": 0.0601242333650589,
            "count": 3
        },
        "SkiFreeAgent.Losses.PolicyLoss.mean": {
            "value": 0.25030502676963806,
            "min": 0.24983157217502594,
            "max": 0.2510775029659271,
            "count": 3
        },
        "SkiFreeAgent.Policy.LearningRate.mean": {
            "value": 0.0002251001278636977,
            "min": 0.0002251001278636977,
            "max": 0.0002848876756615937,
            "count": 3
        },
        "SkiFreeAgent.Policy.Epsilon.mean": {
            "value": 0.1750333458185196,
            "min": 0.1750333458185196,
            "max": 0.1949625462293625,
            "count": 3
        },
        "SkiFreeAgent.Policy.Beta.mean": {
            "value": 0.00037766346940770745,
            "min": 0.00037766346940770745,
            "max": 0.0004753164539579302,
            "count": 3
        },
        "SkiFreeAgent.IsTraining.mean": {
            "value": 1.0,
            "min": 1.0,
            "max": 1.0,
            "count": 3
        }
    },
    "metadata": {
        "timer_format_version": "0.1.0",
        "start_time_seconds": "1621743317",
        "python_version": "3.8.5 (default, Jul 21 2020, 10:48:26) \n[Clang 11.0.3 (clang-1103.0.32.62)]",
        "command_line_arguments": "/usr/local/bin/mlagents-learn config/skifree_config.yaml --run-id=agentray1",
        "mlagents_version": "0.20.0",
        "mlagents_envs_version": "0.20.0",
        "communication_protocol_version": "1.1.0",
        "tensorflow_version": "2.3.2",
        "numpy_version": "1.18.5",
        "end_time_seconds": "1621743428"
    },
    "total": 110.938341882,
    "count": 1,
    "self": 0.004276253000000452,
    "children": {
        "run_training.setup": {
            "total": 0.01921560099999997,
            "count": 1,
            "self": 0.01921560099999997
        },
        "TrainerController.start_learning": {
            "total": 110.914850028,
            "count": 1,
            "self": 0.3841298329996903,
            "children": {
                "TrainerController._reset_env": {
                    "total": 8.416041819,
                    "count": 1,
                    "self": 8.416041819
                },
                "TrainerController.advance": {
                    "total": 101.89245397200033,
                    "count": 15511,
                    "self": 0.18416851900012432,
                    "children": {
                        "env_step": {
                            "total": 101.7082854530002,
                            "count": 15511,
                            "self": 95.55680110100079,
                            "children": {
                                "SubprocessEnvManager._take_step": {
                                    "total": 5.953695199999483,
                                    "count": 15511,
                                    "self": 0.23666809699993507,
                                    "children": {
                                        "TFPolicy.evaluate": {
                                            "total": 5.717027102999548,
                                            "count": 7561,
                                            "self": 5.717027102999548
                                        }
                                    }
                                },
                                "workers": {
                                    "total": 0.19778915199992575,
                                    "count": 15510,
                                    "self": 0.0,
                                    "children": {
                                        "worker_root": {
                                            "total": 102.27898002100015,
                                            "count": 15510,
                                            "is_parallel": true,
                                            "self": 20.42299513900072,
                                            "children": {
                                                "steps_from_proto": {
                                                    "total": 0.0003314060000008112,
                                                    "count": 1,
                                                    "is_parallel": true,
                                                    "self": 0.00018937100000115947,
                                                    "children": {
                                                        "_process_vector_observation": {
                                                            "total": 0.00014203499999965175,
                                                            "count": 2,
                                                            "is_parallel": true,
                                                            "self": 0.00014203499999965175
                                                        }
                                                    }
                                                },
                                                "UnityEnvironment.step": {
                                                    "total": 81.85565347599943,
                                                    "count": 15510,
                                                    "is_parallel": true,
                                                    "self": 1.4277273349998865,
                                                    "children": {
                                                        "UnityEnvironment._generate_step_input": {
                                                            "total": 0.7902804209995011,
                                                            "count": 15510,
                                                            "is_parallel": true,
                                                            "self": 0.7902804209995011
                                                        },
                                                        "communicator.exchange": {
                                                            "total": 76.42174246200064,
                                                            "count": 15510,
                                                            "is_parallel": true,
                                                            "self": 76.42174246200064
                                                        },
                                                        "steps_from_proto": {
                                                            "total": 3.2159032579994005,
                                                            "count": 15510,
                                                            "is_parallel": true,