{
    "name": "root",
    "gauges": {
        "SkiFreeAgent.Policy.Entropy.mean": {
            "value": 0.9630776643753052,
            "min": 0.9104704856872559,
            "max": 2.0602867603302,
            "count": 5
        },
        "SkiFreeAgent.Environment.EpisodeLength.mean": {
            "value": 25.433862433862434,
            "min": 13.755162241887906,
            "max": 25.433862433862434,
            "count": 5
        },
        "SkiFreeAgent.Policy.ExtrinsicValueEstimate.mean": {
            "value": 0.23602570593357086,
            "min": -0.21361204981803894,
            "max": 0.23602570593357086,
            "count": 5
        },
        "SkiFreeAgent.Environment.CumulativeReward.mean": {
            "value": 1.0067724982897441,
            "min": -0.017215946810485345,
            "max": 1.020937494467944,
            "count": 5
        },
        "SkiFreeAgent.Policy.ExtrinsicReward.mean": {
            "value": 1.0067724982897441,
            "min": -0.017215946810485345,
            "max": 1.020937494467944,
            "count": 5
        },
        "SkiFreeAgent.Losses.ValueLoss.mean": {
            "value": 0.6958025097846985,
            "min": 0.33004269003868103,
            "max": 0.6958025097846985,
            "count": 5
        },
        "SkiFreeAgent.Losses.PolicyLoss.mean": {
            "value": 0.24687959253787994,
            "min": 0.23673520982265472,
            "max": 0.24687959253787994,
            "count": 5
        },
        "SkiFreeAgent.Policy.LearningRate.mean": {
            "value": 2.9091164833516814e-05,
            "min": 2.9091164833516814e-05,
            "max": 0.0002698549651540816,
            "count": 5
        },
        "SkiFreeAgent.Policy.Epsilon.mean": {
            "value": 0.10969702154397964,
            "min": 0.10969702154397964,
            "max": 0.18995164334774017,
            "count": 5
        },
        "SkiFreeAgent.Policy.Beta.mean": {
            "value": 5.751543358201161e-05,
            "min": 5.751543358201161e-05,
            "max": 0.00045076306560076773,
            "count": 5
        },
        "SkiFreeAgent.IsTraining.mean": {
            "value": 1.0,
            "min": 1.0,
            "max": 1.0,
            "count": 5
        }
    },
    "metadata": {
        "timer_format_version": "0.1.0",
        "start_time_seconds": "1620023321",
        "python_version": "3.8.5 (default, Jul 21 2020, 10:48:26) \n[Clang 11.0.3 (clang-1103.0.32.62)]",
        "command_line_arguments": "/usr/local/bin/mlagents-learn config/skifree_config.yaml --run-id=skifree5",
        "mlagents_version": "0.20.0",
        "mlagents_envs_version": "0.20.0",
        "communication_protocol_version": "1.1.0",
        "tensorflow_version": "2.3.2",
        "numpy_version": "1.18.5",
        "end_time_seconds": "1620023906"
    },
    "total": 584.6454404780001,
    "count": 1,
    "self": 0.20301957000003767,
    "children": {
        "run_training.setup": {
            "total": 0.01611231000000002,
            "count": 1,
            "self": 0.01611231000000002
        },
        "TrainerController.start_learning": {
            "total": 584.426308598,
            "count": 1,
            "self": 0.516708136998659,
            "children": {
                "TrainerController._reset_env": {
                    "total": 6.921733658999999,
                    "count": 1,
                    "self": 6.921733658999999
                },
                "TrainerController.advance": {
                    "total": 576.7772877560013,
                    "count": 26037,
                    "self": 0.2319329710035163,
                    "children": {
                        "env_step": {
                            "total": 576.5453547849978,
                            "count": 26037,
                            "self": 563.2107744269932,
                            "children": {
                                "SubprocessEnvManager._take_step": {
                                    "total": 13.066787164007458,
                                    "count": 26037,
                                    "self": 0.43513022400924406,
                                    "children": {
                                        "TFPolicy.evaluate": {
                                            "total": 12.631656939998214,
                                            "count": 25011,
                                            "self": 12.631656939998214
                                        }
                                    }
                                },
                                "workers": {
                                    "total": 0.2677931939971572,
                                    "count": 26037,
                                    "self": 0.0,
                                    "children": {
                                        "worker_root": {
                                            "total": 577.346771688999,
                                            "count": 26037,
                                            "is_parallel": true,
                                            "self": 29.739913741996702,
                                            "children": {
                                                "steps_from_proto": {
                                                    "total": 0.00030902600000004554,
                                                    "count": 1,
                                                    "is_parallel": true,
                                                    "self": 0.00017278499999928698,
                                                    "children": {
                                                        "_process_vector_observation": {
                                                            "total": 0.00013624100000075856,
                                                            "count": 2,
                                                            "is_parallel": true,
                                                            "self": 0.00013624100000075856
                                                        }
                                                    }
                                                },
                                                "UnityEnvironment.step": {
                                                    "total": 547.6065489210023,
                                                    "count": 26037,
                                                    "is_parallel": true,
                                                    "self": 1.6796431830027814,
                                                    "children": {
                                                        "UnityEnvironment._generate_step_input": {
                                                            "total": 0.9392195449993963,
                                                            "count": 26037,
                                                            "is_parallel": true,
                                                            "self": 0.9392195449993963
                                                        },
                                                        "communicator.exchange": {
                                                            "total": 540.1917305930019,
                                                            "count": 26037,
                                                            "is_parallel": true,
                                                            "self": 540.1917305930019
                                                        },
                                                        "steps_from_proto": {
                                                            "total": 4.795955599998115,
                                                            "count": 26037,
                                                            "is_parallel": true,