{
    "name": "root",
    "gauges": {
        "SkiFreeAgent.Policy.Entropy.mean": {
            "value": 1.3069806098937988,
            "min": 1.3069806098937988,
            "max": 1.480913758277893,
            "count": 2
        },
        "SkiFreeAgent.Environment.EpisodeLength.mean": {
            "value": 35.19927536231884,
            "min": 17.92249527410208,
            "max": 35.19927536231884,
            "count": 2
        },
        "SkiFreeAgent.Policy.ExtrinsicValueEstimate.mean": {
            "value": 0.38849151134490967,
            "min": -0.000568853341974318,
            "max": 0.38849151134490967,
            "count": 2
        },
        "SkiFreeAgent.Environment.CumulativeReward.mean": {
            "value": 1.2923949192399564,
            "min": 0.45024265704507177,
            "max": 1.2923949192399564,
            "count": 2
        },
        "SkiFreeAgent.Policy.ExtrinsicReward.mean": {
            "value": 1.2923949192399564,
            "min": 0.45024265704507177,
            "max": 1.2923949192399564,
            "count": 2
        },
        "SkiFreeAgent.Losses.ValueLoss.mean": {
            "value": 0.7754740715026855,
            "min": 0.5553696751594543,
            "max": 0.7754740715026855,
            "count": 2
        },
        "SkiFreeAgent.Losses.PolicyLoss.mean": {
            "value": 0.2420293241739273,
            "min": 0.2420293241739273,
            "max": 0.245884507894516,
            "count": 2
        },
        "SkiFreeAgent.Policy.LearningRate.mean": {
            "value": 7.619616371812299e-05,
            "min": 7.619616371812299e-05,
            "max": 0.00022620795061811805,
            "count": 2
        },
        "SkiFreeAgent.Policy.Epsilon.mean": {
            "value": 0.1253986805677414,
            "min": 0.1253986805677414,
            "max": 0.1754026561975479,
            "count": 2
        },
        "SkiFreeAgent.Policy.Beta.mean": {
            "value": 0.0001344535849057138,
            "min": 0.0001344535849057138,
            "max": 0.00037947294185869396,
            "count": 2
        },
        "SkiFreeAgent.IsTraining.mean": {
            "value": 1.0,
            "min": 1.0,
            "max": 1.0,
            "count": 2
        }
    },
    "metadata": {
        "timer_format_version": "0.1.0",
        "start_time_seconds": "1620020892",
        "python_version": "3.8.5 (default, Jul 21 2020, 10:48:26) \n[Clang 11.0.3 (clang-1103.0.32.62)]",
        "command_line_arguments": "/usr/local/bin/mlagents-learn config/skifree_config.yaml --run-id=skifree3 --time-scale 10",
        "mlagents_version": "0.20.0",
        "mlagents_envs_version": "0.20.0",
        "communication_protocol_version": "1.1.0",
        "tensorflow_version": "2.3.2",
        "numpy_version": "1.18.5",
        "end_time_seconds": "1620021308"
    },
    "total": 416.158409133,
    "count": 1,
    "self": 0.21876907200004325,
    "children": {
        "run_training.setup": {
            "total": 0.011567512999999696,
            "count": 1,
            "self": 0.011567512999999696
        },
        "TrainerController.start_learning": {
            "total": 415.928072548,
            "count": 1,
            "self": 0.475140918000136,
            "children": {
                "TrainerController._reset_env": {
                    "total": 15.076594748,
                    "count": 1,
                    "self": 15.076594748
                },
                "TrainerController.advance": {
                    "total": 400.15834932999985,
                    "count": 20711,
                    "self": 0.21715800699877263,
                    "children": {
                        "env_step": {
                            "total": 399.9411913230011,
                            "count": 20711,
                            "self": 386.3439327750035,
                            "children": {
                                "SubprocessEnvManager._take_step": {
                                    "total": 13.351585631997729,
                                    "count": 20711,
                                    "self": 0.42276385799738136,
                                    "children": {
                                        "TFPolicy.evaluate": {
                                            "total": 12.928821774000347,
                                            "count": 20001,
                                            "self": 12.928821774000347
                                        }
                                    }
                                },
                                "workers": {
                                    "total": 0.24567291599985808,
                                    "count": 20711,
                                    "self": 0.0,
                                    "children": {
                                        "worker_root": {
                                            "total": 400.68976110100454,
                                            "count": 20711,
                                            "is_parallel": true,
                                            "self": 29.984604909003565,
                                            "children": {
                                                "steps_from_proto": {
                                                    "total": 0.0003105810000008091,
                                                    "count": 1,
                                                    "is_parallel": true,
                                                    "self": 0.00017510099999995532,
                                                    "children": {
                                                        "_process_vector_observation": {
                                                            "total": 0.0001354800000008538,
                                                            "count": 2,
                                                            "is_parallel": true,
                                                            "self": 0.0001354800000008538
                                                        }
                                                    }
                                                },
                                                "UnityEnvironment.step": {
                                                    "total": 370.70484561100096,
                                                    "count": 20711,
                                                    "is_parallel": true,
                                                    "self": 1.6961693479937026,
                                                    "children": {
                                                        "UnityEnvironment._generate_step_input": {
                                                            "total": 1.0652385630029872,
                                                            "count": 20711,
                                                            "is_parallel": true,
                                                            "self": 1.0652385630029872
                                                        },
                                                        "communicator.exchange": {
                                                            "total": 363.2310875510016,
                                                            "count": 20711,
                                                            "is_parallel": true,
                                                            "self": 363.2310875510016
                                                        },
                                                        "steps_from_proto": {
                                                            "total": 4.712350149002653,
                                                            "count": 20711,
                                                            "is_parallel": true,