{
    "name": "root",
    "metadata": {
        "timer_format_version": "0.1.0",
        "start_time_seconds": "1620099620",
        "python_version": "3.8.5 (default, Jul 21 2020, 10:48:26) \n[Clang 11.0.3 (clang-1103.0.32.62)]",
        "command_line_arguments": "/usr/local/bin/mlagents-learn config/skifree_config.yaml --run-id=newid8",
        "mlagents_version": "0.20.0",
        "mlagents_envs_version": "0.20.0",
        "communication_protocol_version": "1.1.0",
        "tensorflow_version": "2.3.2",
        "numpy_version": "1.18.5",
        "end_time_seconds": "1620099646"
    },
    "total": 26.199995172,
    "count": 1,
    "self": 0.004595721000001163,
    "children": {
        "run_training.setup": {
            "total": 0.014203141000000308,
            "count": 1,
            "self": 0.014203141000000308
        },
        "TrainerController.start_learning": {
            "total": 26.18119631,
            "count": 1,
            "self": 0.011147953999991245,
            "children": {
                "TrainerController._reset_env": {
                    "total": 12.777940532999999,
                    "count": 1,
                    "self": 12.777940532999999
                },
                "TrainerController.advance": {
                    "total": 13.151449112000012,
                    "count": 509,
                    "self": 0.0050734799999698765,
                    "children": {
                        "env_step": {
                            "total": 13.146375632000042,
                            "count": 509,
                            "self": 12.810444717,
                            "children": {
                                "SubprocessEnvManager._take_step": {
                                    "total": 0.33005537500004856,
                                    "count": 509,
                                    "self": 0.007392868000025032,
                                    "children": {
                                        "TFPolicy.evaluate": {
                                            "total": 0.3226625070000235,
                                            "count": 197,
                                            "self": 0.3226625070000235
                                        }
                                    }
                                },
                                "workers": {
                                    "total": 0.005875539999994572,
                                    "count": 508,
                                    "self": 0.0,
                                    "children": {
                                        "worker_root": {
                                            "total": 13.77890107199999,
                                            "count": 508,
                                            "is_parallel": true,
                                            "self": 1.4379868019999993,
                                            "children": {
                                                "steps_from_proto": {
                                                    "total": 0.0005507250000000852,
                                                    "count": 1,
                                                    "is_parallel": true,
                                                    "self": 0.00020095999999902858,
                                                    "children": {
                                                        "_process_vector_observation": {
                                                            "total": 0.0003497650000010566,
                                                            "count": 4,
                                                            "is_parallel": true,
                                                            "self": 0.0003497650000010566
                                                        }
                                                    }
                                                },
                                                "UnityEnvironment.step": {
                                                    "total": 12.34036354499999,
                                                    "count": 508,
                                                    "is_parallel": true,
                                                    "self": 0.05495444099994806,
                                                    "children": {
                                                        "UnityEnvironment._generate_step_input": {
                                                            "total": 0.02973039599998195,
                                                            "count": 508,
                                                            "is_parallel": true,
                                                            "self": 0.02973039599998195
                                                        },
                                                        "communicator.exchange": {
                                                            "total": 12.097535939000004,
                                                            "count": 508,
                                                            "is_parallel": true,
                                                            "self": 12.097535939000004
                                                        },
                                                        "steps_from_proto": {
                                                            "total": 0.1581427690000563,
                                                            "count": 508,
                                                            "is_parallel": true,
                                                            "self": 0.05570592999998958,
                                                            "children": {
                                                                "_process_vector_observation": {
                                                                    "total": 0.10243683900006673,
                                                                    "count": 2032,
                                                                    "is_parallel": true,
                                                                    "self": 0.10243683900006673
                                                                }
                                                            }
                                                        }
                                                    }
                                                }
                                            }
                                        }
                                    }
                                }
                            }
                        }
                    }
                },
                "trainer_threads": {
                    "total": 2.197299999906477e-05,
                    "count": 1,
                    "self": 2.197299999906477e-05,
                    "children": {
                        "thread_root": {
                            "total": 0.0,
                            "count": 0,
                            "is_parallel": true,
                            "self": 0.0,
                            "children": {
                                "trainer_advance": {
                                    "total": 12.815989295000142,
                                    "count": 71101,
                                    "is_parallel": true,
                                    "self": 0.5975821400003216,
                                    "children": {
                                        "process_trajectory": {
                                            "total": 10.86120901399982,
                                            "count": 71101,
                                            "is_parallel": true,