{
    "name": "root",
    "gauges": {
        "SkiFreeAgent.Policy.Entropy.mean": {
            "value": 0.33223453164100647,
            "min": 0.33223453164100647,
            "max": 1.5376744270324707,
            "count": 5
        },
        "SkiFreeAgent.Environment.EpisodeLength.mean": {
            "value": 5.114914425427873,
            "min": 5.114914425427873,
            "max": 5.965181058495822,
            "count": 5
        },
        "SkiFreeAgent.Policy.ExtrinsicValueEstimate.mean": {
            "value": -0.001484658452682197,
            "min": -0.10019554197788239,
            "max": -0.001484658452682197,
            "count": 5
        },
        "SkiFreeAgent.Environment.CumulativeReward.mean": {
            "value": 0.0,
            "min": 0.0,
            "max": 0.06311018131101813,
            "count": 5
        },
        "SkiFreeAgent.Policy.ExtrinsicReward.mean": {
            "value": 0.0,
            "min": 0.0,
            "max": 0.06311018131101813,
            "count": 5
        },
        "SkiFreeAgent.Losses.ValueLoss.mean": {
            "value": 0.0031148716807365417,
            "min": 0.0031148716807365417,
            "max": 0.9842284917831421,
            "count": 5
        },
        "SkiFreeAgent.Losses.PolicyLoss.mean": {
            "value": 0.24745287001132965,
            "min": 0.2411191314458847,
            "max": 0.25103098154067993,
            "count": 5
        },
        "SkiFreeAgent.Policy.LearningRate.mean": {
            "value": 0.00023254804546013474,
            "min": 0.00023254804546013474,
            "max": 0.00029244390316307545,
            "count": 5
        },
        "SkiFreeAgent.Policy.Epsilon.mean": {
            "value": 0.17751602828502655,
            "min": 0.17751602828502655,
            "max": 0.19748127460479736,
            "count": 5
        },
        "SkiFreeAgent.Policy.Beta.mean": {
            "value": 0.0003898284339811653,
            "min": 0.0003898284339811653,
            "max": 0.0004876584280282259,
            "count": 5
        },
        "SkiFreeAgent.IsTraining.mean": {
            "value": 1.0,
            "min": 1.0,
            "max": 1.0,
            "count": 5
        }
    },
    "metadata": {
        "timer_format_version": "0.1.0",
        "start_time_seconds": "1620099009",
        "python_version": "3.8.5 (default, Jul 21 2020, 10:48:26) \n[Clang 11.0.3 (clang-1103.0.32.62)]",
        "command_line_arguments": "/usr/local/bin/mlagents-learn config/skifree_config.yaml --run-id=newid5",
        "mlagents_version": "0.20.0",
        "mlagents_envs_version": "0.20.0",
        "communication_protocol_version": "1.1.0",
        "tensorflow_version": "2.3.2",
        "numpy_version": "1.18.5",
        "end_time_seconds": "1620099462"
    },
    "total": 452.923763991,
    "count": 1,
    "self": 0.004259615999956168,
    "children": {
        "run_training.setup": {
            "total": 0.011966425999999863,
            "count": 1,
            "self": 0.011966425999999863
        },
        "TrainerController.start_learning": {
            "total": 452.907537949,
            "count": 1,
            "self": 0.10855619399904981,
            "children": {
                "TrainerController._reset_env": {
                    "total": 8.822356404,
                    "count": 1,
                    "self": 8.822356404
                },
                "TrainerController.advance": {
                    "total": 443.7532904580009,
                    "count": 5048,
                    "self": 0.051465608999762935,
                    "children": {
                        "env_step": {
                            "total": 443.7018248490011,
                            "count": 5048,
                            "self": 442.25409884300143,
                            "children": {
                                "SubprocessEnvManager._take_step": {
                                    "total": 1.3893608580007584,
                                    "count": 5048,
                                    "self": 0.06979117899997611,
                                    "children": {
                                        "TFPolicy.evaluate": {
                                            "total": 1.3195696790007823,
                                            "count": 1817,
                                            "self": 1.3195696790007823
                                        }
                                    }
                                },
                                "workers": {
                                    "total": 0.058365147998966194,
                                    "count": 5047,
                                    "self": 0.0,
                                    "children": {
                                        "worker_root": {
                                            "total": 444.15308112500026,
                                            "count": 5047,
                                            "is_parallel": true,
                                            "self": 5.875153326000486,
                                            "children": {
                                                "steps_from_proto": {
                                                    "total": 0.0006833200000002648,
                                                    "count": 1,
                                                    "is_parallel": true,
                                                    "self": 0.0002571390000003504,
                                                    "children": {
                                                        "_process_vector_observation": {
                                                            "total": 0.00042618099999991443,
                                                            "count": 4,
                                                            "is_parallel": true,
                                                            "self": 0.00042618099999991443
                                                        }
                                                    }
                                                },
                                                "UnityEnvironment.step": {
                                                    "total": 438.27724447899976,
                                                    "count": 5047,
                                                    "is_parallel": true,
                                                    "self": 0.5413027190007824,
                                                    "children": {
                                                        "UnityEnvironment._generate_step_input": {
                                                            "total": 0.2720362760003585,
                                                            "count": 5047,
                                                            "is_parallel": true,
                                                            "self": 0.2720362760003585
                                                        },
                                                        "communicator.exchange": {
                                                            "total": 435.9215810519999,
                                                            "count": 5047,
                                                            "is_parallel": true,
                                                            "self": 435.9215810519999
                                                        },
                                                        "steps_from_proto": {
                                                            "total": 1.5423244319987628,
                                                            "count": 5047,
                                                            "is_parallel": true,