{
    "name": "root",
    "gauges": {
        "SkiFreeAgent.Policy.Entropy.mean": {
            "value": 0.7777947187423706,
            "min": 0.7777947187423706,
            "max": 1.5706052780151367,
            "count": 10
        },
        "SkiFreeAgent.Environment.EpisodeLength.mean": {
            "value": 117.79591836734694,
            "min": 7.10016155088853,
            "max": 117.79591836734694,
            "count": 10
        },
        "SkiFreeAgent.Policy.ExtrinsicValueEstimate.mean": {
            "value": 3.015777349472046,
            "min": 0.47703367471694946,
            "max": 3.015777349472046,
            "count": 10
        },
        "SkiFreeAgent.Environment.CumulativeReward.mean": {
            "value": 6.516000088304281,
            "min": 0.7043689628369793,
            "max": 6.516000088304281,
            "count": 10
        },
        "SkiFreeAgent.Policy.ExtrinsicReward.mean": {
            "value": 6.516000088304281,
            "min": 0.7043689628369793,
            "max": 6.516000088304281,
            "count": 10
        },
        "SkiFreeAgent.Losses.ValueLoss.mean": {
            "value": 0.43173879384994507,
            "min": 0.2226758897304535,
            "max": 2.436340093612671,
            "count": 10
        },
        "SkiFreeAgent.Losses.PolicyLoss.mean": {
            "value": 0.25139638781547546,
            "min": 0.2350868284702301,
            "max": 0.25139638781547546,
            "count": 10
        },
        "SkiFreeAgent.Policy.LearningRate.mean": {
            "value": 1.4920156900188886e-05,
            "min": 1.4920156900188886e-05,
            "max": 0.0002847116265911609,
            "count": 10
        },
        "SkiFreeAgent.Policy.Epsilon.mean": {
            "value": 0.10497335344552994,
            "min": 0.10497335344552994,
            "max": 0.1949038803577423,
            "count": 10
        },
        "SkiFreeAgent.Policy.Beta.mean": {
            "value": 3.436943006818183e-05,
            "min": 3.436943006818183e-05,
            "max": 0.00047502899542450905,
            "count": 10
        },
        "SkiFreeAgent.IsTraining.mean": {
            "value": 1.0,
            "min": 1.0,
            "max": 1.0,
            "count": 10
        }
    },
    "metadata": {
        "timer_format_version": "0.1.0",
        "start_time_seconds": "1620097520",
        "python_version": "3.8.5 (default, Jul 21 2020, 10:48:26) \n[Clang 11.0.3 (clang-1103.0.32.62)]",
        "command_line_arguments": "/usr/local/bin/mlagents-learn config/skifree_config.yaml --run-id=newid3",
        "mlagents_version": "0.20.0",
        "mlagents_envs_version": "0.20.0",
        "communication_protocol_version": "1.1.0",
        "tensorflow_version": "2.3.2",
        "numpy_version": "1.18.5",
        "end_time_seconds": "1620097662"
    },
    "total": 141.881160642,
    "count": 1,
    "self": 0.19936447800000678,
    "children": {
        "run_training.setup": {
            "total": 0.014788869999999843,
            "count": 1,
            "self": 0.014788869999999843
        },
        "TrainerController.start_learning": {
            "total": 141.667007294,
            "count": 1,
            "self": 0.12640921799936677,
            "children": {
                "TrainerController._reset_env": {
                    "total": 11.998565355,
                    "count": 1,
                    "self": 11.998565355
                },
                "TrainerController.advance": {
                    "total": 129.33187749200061,
                    "count": 5907,
                    "self": 0.058719250999786254,
                    "children": {
                        "env_step": {
                            "total": 129.27315824100083,
                            "count": 5907,
                            "self": 126.73786526799992,
                            "children": {
                                "SubprocessEnvManager._take_step": {
                                    "total": 2.4673078620001636,
                                    "count": 5907,
                                    "self": 0.10560946500034163,
                                    "children": {
                                        "TFPolicy.evaluate": {
                                            "total": 2.361698396999822,
                                            "count": 3603,
                                            "self": 2.361698396999822
                                        }
                                    }
                                },
                                "workers": {
                                    "total": 0.06798511100074656,
                                    "count": 5907,
                                    "self": 0.0,
                                    "children": {
                                        "worker_root": {
                                            "total": 130.00458717600037,
                                            "count": 5907,
                                            "is_parallel": true,
                                            "self": 8.122543946000945,
                                            "children": {
                                                "steps_from_proto": {
                                                    "total": 0.000557274000000163,
                                                    "count": 1,
                                                    "is_parallel": true,
                                                    "self": 0.00020875600000103134,
                                                    "children": {
                                                        "_process_vector_observation": {
                                                            "total": 0.0003485179999991317,
                                                            "count": 4,
                                                            "is_parallel": true,
                                                            "self": 0.0003485179999991317
                                                        }
                                                    }
                                                },
                                                "UnityEnvironment.step": {
                                                    "total": 121.88148595599942,
                                                    "count": 5907,
                                                    "is_parallel": true,
                                                    "self": 0.7262428459993515,
                                                    "children": {
                                                        "UnityEnvironment._generate_step_input": {
                                                            "total": 0.4703622340001612,
                                                            "count": 5907,
                                                            "is_parallel": true,
                                                            "self": 0.4703622340001612
                                                        },
                                                        "communicator.exchange": {
                                                            "total": 118.56084894599972,
                                                            "count": 5907,
                                                            "is_parallel": true,
                                                            "self": 118.56084894599972
                                                        },
                                                        "steps_from_proto": {
                                                            "total": 2.1240319300001804,
                                                            "count": 5907,
                                                            "is_parallel": true,